施設名,住所,施設ID,緯度,経度
あしかがフラワーパーク,〒329-4216  栃木県足利市迫間町607,F0001,36.3141561,139.5200222
道の駅 どまんなか たぬま,〒327-0313  栃木県佐野市吉水366-2,F0002,36.3438044,139.5721111
宇都宮動物園,〒321-2115  栃木県宇都宮市上金井町552番地2,F0003,36.6328567,139.85336
栃木県なかがわ水遊園,〒324-0404  栃木県大田原市佐良土2686,F0004,36.790613,140.128634
道の駅 うつのみや ろまんちっく村,〒321-2118  栃木県宇都宮市新里町丙254,F0005,36.6328044,139.8291519
日光街道,〒321-1423  栃木県日光市今市,F0006,36.10107,139.7231272
道の駅 那須高原友愛の森,〒325-0303  栃木県那須郡那須町高久乙593-8,F0007,37.0407961,140.0133869
塩原温泉 湯っ歩の里,〒329-2921  栃木県那須塩原市塩原602-1,F0008,36.9683316,139.8222942
華厳滝観瀑台,〒321-1661  栃木県日光市中宮祠,F0009,36.7378402,139.5040192
もみじ谷大吊橋,〒329-2801  栃木県那須塩原市関谷1425-60,F0010,36.9549769,139.8794436
道の駅 もてぎ,〒321-3531  栃木県芳賀郡茂木町茂木1090-1,F0011,36.527966,140.1725936
史跡足利学校跡,〒326-0813  栃木県足利市昌平町2338,F0012,36.3359472,139.4534861
イタリア大使館別荘記念公園,〒321-1661  栃木県日光市中宮祠2482,F0013,36.7250563,139.4853931
平和観音,〒321-0345  栃木県宇都宮市大谷町1174,F0014,36.5960017,139.8203096
井頭公園,〒321-4415  栃木県真岡市下篭谷99,F0015,36.4941476,139.9977745
大谷寺・大谷観音,〒321-0345  栃木県宇都宮市大谷町1198番地,F0016,36.5962372,139.8207829
道の駅 みかも,〒323-1107  栃木県栃木市藤岡町大田和678,F0017,36.2967521,139.6254523
道の駅 きつれがわ,〒329-1412  栃木県さくら市喜連川4145-10,F0018,36.7154994,140.0326364
明智平展望台,〒321-1445  栃木県日光市細尾深沢,F0019,36.7374928,139.514514
道の駅 那須与一の郷,〒324-0012  栃木県大田原市南金丸1584-6,F0020,36.8622289,140.0877217
宇都宮城址公園,〒320-0817  栃木県宇都宮市本丸町、旭1丁目地内,F0021,36.5546591,139.8850377
みかも山公園,〒323-1107  栃木県栃木市藤岡町大田和761-1,F0022,36.3057629,139.6271045
真岡鐵道真岡駅,〒321-4306  栃木県真岡市台町2474-1,F0023,36.439188,140.0025757
八幡山公園,〒320-0027  栃木県宇都宮市塙田5丁目2番70号,F0024,36.5707184,139.8850851
栃木県中央公園,〒320-0865  栃木県宇都宮市睦町2-50,F0025,36.5583943,139.8628818
鬼怒川公園,〒321-2521  栃木県日光市藤原,F0026,36.8405282,139.7233668
道の駅 ばとう,〒324-0617  栃木県那須郡那珂川町北向田181-2,F0027,36.74758,140.149897
回顧の吊橋,〒329-2801  栃木県那須塩原市関谷,F0028,36.9608203,139.8770731
チーズガーデン 那須本店,〒325-0001  栃木県那須郡那須町大字高久甲2888-64,F0029,37.0289919,140.0235871
宇都宮みんみん 本店,〒321-0000  栃木県宇都宮市馬場通り4-2-3,F0030,36.5616133,139.8873684
千本松牧場,〒329-2747  栃木県那須塩原市千本松799,F0031,36.9237531,139.9333966
まさし宮島店,〒320-0026  栃木県宇都宮市馬場通り4-3-18,F0032,36.5616357,139.88771
ベーカリーカフェ・ペニーレイン,〒325-0301  栃木県那須郡那須町湯本656-2,F0033,37.06890996,140.0000642
来らっせ 本店,〒321-0000  栃木県宇都宮市馬場通り2-3-12 MEGAドン・キホーテラパーク宇都宮店地下1階,F0034,36.5607707,139.8852457
お菓子の城那須ハートランド,〒325-0001  栃木県那須郡那須町大字高久甲4588-10,F0035,37.0171131,140.0304344
大笹牧場 レストハウス,〒321-1264  栃木県日光市瀬尾大笹原3405,F0036,36.8409871,139.6172042
ＮＡＳＵのラスク屋さん,〒325-0303  栃木県那須郡那須町高久乙５８６－９０５,F0037,37.0422948,140.0105381
こばや食堂,〒329-2921  栃木県那須塩原市下塩原795,F0038,36.9740301,139.8176346
正嗣 駒生店,〒320-0065  栃木県宇都宮市駒生町1301-15,F0039,36.5783233,139.8451444
ナス・ショウゾウ カフェ,〒325-0303  栃木県那須郡那須町高久乙2730-25,F0040,37.0545997,140.0138127
東北自動車道佐野サービスエリア（下り）,〒327-0813  栃木県佐野市黒袴町東山１０２１,F0041,36.3171905,139.6192374
おぐら屋,〒327-0102  栃木県佐野市出流原町993-1,F0042,36.3629799,139.5416412
ココ・ファーム・ワイナリー,〒326-0061  栃木県足利市田島町611,F0043,36.3753429,139.4710825
手打ラーメン 万里,〒327-0822  栃木県佐野市越名町2062-5,F0044,36.2912031,139.6019251
手作りのイタリア料理 ジョイア・ミーア,〒325-0301  栃木県那須郡那須町湯本493-3,F0045,37.067368,140.013025
カフェ 明治の館,〒321-1406  栃木県日光市松原町4－3,F0046,36.7567508,139.6029851
那須高原友愛の森なすとらん,〒329-3200  栃木県那須郡那須町大字高久乙593-8,F0047,37.0414327,140.0137443
コボリ洋菓子,〒320-0847  栃木県宇都宮市滝谷町2-9,F0048,36.5535789,139.8682139
小太郎ヶ渕茶屋,〒329-2921  栃木県那須塩原市塩原1436,F0049,36.9608421,139.8280324
明治の館,〒321-1431  栃木県日光市山内2339-1,F0050,36.7567508,139.6029851
森田屋総本店,〒327-0843  栃木県佐野市堀米町70,F0051,36.3221454,139.5863528
山のレストラン,〒321-1421  栃木県日光市所野1546,F0052,36.7769548,139.6233727
めんめん,〒320-0804  栃木県宇都宮市二荒町5-13 くれよんビル1F,F0053,36.5587346,139.8878095
茶屋 卯三郎,〒325-0303  栃木県那須郡那須町高久乙湯道東2727-344,F0054,37.0454364,140.0186584
那須高原りんどう湖ファミリー牧場,〒325-0397  栃木県那須郡那須町高久丙414-2,F0055,37.0413116,140.0470333
那須高原南ヶ丘牧場,〒325-0393  栃木県那須郡那須町湯本579,F0056,37.0784609,140.0008753
小さな緑のインテリア 苔屋,〒325-0302  栃木県那須郡那須町高久丙1148-559,F0057,37.0642628,140.0434603
那須どうぶつ王国,〒329-3223  栃木県那須郡那須町大島1042-1,F0058,37.129025,140.037143
陶芸の森 長谷川陶苑,〒321-4217  栃木県芳賀郡益子町益子4240-3,F0059,36.4677773,140.1190665
CANDLEHOUSE ChouChou,〒325-0303  栃木県那須郡那須町高久乙796-234,F0060,37.0422945,140.0062558
陶芸体験 亀工房,〒325-0301  栃木県那須郡那須町湯本350-10,F0061,37.082252,140.013822
ナラ入沢渓流釣りキャンプ場,〒321-2802  栃木県日光市上三依109-1,F0062,37.0288712,139.7325676
大江戸温泉物語 ホテル鬼怒川御苑,〒321-2521  栃木県日光市藤原1-1,F0063,36.8302047,139.7194381
石の愉楽,〒325-0303  栃木県那須郡那須町高久乙593-27,F0064,37.0398853,140.0147619
ペンション ラズベリーファーム,〒325-0303  栃木県那須郡那須町高久乙802,F0065,37.0657794,139.9962993
南平台温泉ホテル,〒324-0618  栃木県那須郡那珂川町小口1342,F0066,36.7630513,140.1446265
スパリゾートリブマックス,〒321-4364  栃木県真岡市長田1-24-3,F0067,36.452139,139.9633682
グランデイソーラ,〒321-2525  栃木県日光市小佐越320-1,F0068,36.7997627,139.7007751
那須サファリパーク,〒325-0303  栃木県那須郡那須町高久乙3523番地,F0069,37.0591992,140.0062535
三依渓流つり場,〒321-2803  栃木県日光市中三依1293,F0070,37.000859,139.684176
那須バギーパーク,〒325-0301  栃木県那須郡那須町湯本588,F0071,37.0781206,140.0026175
One Play-it(ワンプレイト） 陶芸・キャンドル＆アウトドア体験,〒321-1421  栃木県日光市所野1550-73,F0072,36.7565258,139.6193056
日光・まなかの森,〒321-1264  栃木県日光市瀬尾2620,F0073,36.759525,139.667209
とりっくあーとぴあ日光,〒321-2525  栃木県日光市小佐越1-4,F0074,36.7890314,139.7017086
那須高原HERB´s,〒325-0303  栃木県那須郡那須町大字高久乙3589-3,F0075,37.0620126,140.0009732
那須テディベア・ミュージアム,〒325-0302  栃木県那須郡那須町高久丙1185-4,F0076,37.0492014,140.039582
クライミングジムFLASH,〒321-0967  栃木県宇都宮市錦3-5-6,F0077,36.5739604,139.8953702
ネイチャープラネット,〒321-2612  栃木県日光市川治温泉高原42,F0078,36.8939717,139.7076653
ホテルサンバレー那須・サンバレー美術館内陶芸体験コーナー,〒325-0392  栃木県那須郡那須町湯本203,F0079,37.0872678,140.0044529
仁王尊プラザ（釣堀）,〒321-2522  栃木県日光市鬼怒川温泉大原371番地の1,F0080,36.8113422,139.7087501
グラススタジオ ポンテ,〒321-1421  栃木県日光市所野1541-1499,F0081,36.7754322,139.6132958
伝統工芸 日光彫 五十嵐漆器,〒321-1406  栃木県日光市松原町17-7,F0082,36.7466411,139.618993
KPS那須高原パラグライダースクール,〒325-0118  栃木県那須塩原市鴫内740,F0083,36.9968388,139.9136344
サバゲフィールドヘッドアックス,〒321-0501  栃木県那須烏山市志鳥1261,F0084,36.7189793,140.0872235
湯滝,〒321-1662  栃木県日光市湯元,F0085,36.795418,139.428549
大谷資料館,〒321-0345  栃木県宇都宮市大谷町909,F0086,36.5999889,139.8247452
華厳滝,〒321-1661  栃木県日光市中宮祠,F0087,36.7380893,139.501941
那須高原,〒325-0301  栃木県那須郡那須町大字湯本,F0088,37.0968788,140.0005122
中禅寺湖,〒321-1661  栃木県日光市中宮祠,F0089,36.7329036,139.4821986
龍王峡,〒321-2521  栃木県日光市藤原,F0090,36.8640507,139.7129931
竜頭ノ滝,〒321-1661  栃木県日光市中宮祠,F0091,36.7576468,139.4514272
戦場ヶ原,〒321-1661  栃木県日光市中宮祠,F0092,36.7772479,139.4442998
鬼怒楯岩大吊橋,〒321-2522  栃木県日光市鬼怒川温泉大原1436,F0093,36.8206606,139.7083896
男体山,〒321-1661  栃木県日光市中宮祠,F0094,36.7654844,139.4907465
湯ノ湖,〒321-1662  栃木県日光市湯元,F0095,36.8001215,139.4243626
竜化の滝,〒329-2921  栃木県那須塩原市塩原字東山国有林,F0096,36.9685046,139.8494017
那須岳（茶臼岳）,〒329-3211  栃木県那須郡那須町大字湯本,F0097,37.1249649,139.9645965
太平山,〒328-0001  栃木県栃木市薗部町４丁目25,F0098,36.3650863,139.6902534
霧降高原,〒321-1421  栃木県日光市所野,F0099,36.8068017,139.5908883
乙女の滝,〒325-0111  栃木県那須塩原市板室703,F0100,37.0668997,139.9376467
大谷石,〒321-0345  栃木県宇都宮市大谷町地内,F0101,36.5999889,139.8247452
霧降滝,〒321-1421  栃木県日光市所野,F0102,36.7801222,139.6237584
塩原渓谷歩道,〒329-2921  栃木県那須郡塩原町下塩原,F0103,36.970537,139.8199326
那須高原展望台 恋人の聖地,〒325-0301  栃木県那須町湯本,F0104,37.1049897,139.9955416
大沼,〒329-2921  栃木県那須塩原市塩原字前黒,F0105,41.9987492,140.6903742
日光杉並木,〒321-1263  栃木県日光市瀬川地内 杉並木公園他,F0106,36.7286552,139.6758614
虹見の滝,〒321-2521  栃木県日光市藤原,F0107,36.8602105,139.7174892
鎌倉山,〒321-3542  栃木県芳賀郡茂木町大字九石,F0108,,
高峰山,〒321-3628  栃木県芳賀郡茂木町大字深沢,F0109,36.4012112,138.4572151
龍門の滝,〒321-0633  栃木県那須烏山市滝,F0110,36.6455986,140.1398144
龍王峡 自然研究路,〒321-2521  栃木県日光市藤原,F0111,36.8595801,139.7173626
榛名神社,〒370-3341  群馬県高崎市榛名山町849,F0112,36.4586272,138.8522043
吹割の滝,〒378-0303  群馬県沼田市利根町大字追貝,F0113,36.7022355,139.2073279
西の河原露天風呂,〒377-1711  群馬県吾妻郡草津町大字草津521-3,F0114,36.6243123,138.5883882
西の河原公園,〒377-1711  群馬県吾妻郡草津町草津,F0115,36.6241602,138.5896634
伊香保おもちゃと人形・自動車博物館,〒370-3606  群馬県北群馬郡吉岡町上野田2145,F0116,36.4637501,138.9691358
大滝乃湯,〒377-1711  群馬県吾妻郡草津町大字草津596-13,F0117,36.6229109,138.6015251
群馬サファリパーク,〒370-2321  群馬県富岡市岡本1,F0118,36.225678,138.8852041
軽井沢おもちゃ王国,〒377-1512  群馬県吾妻郡嬬恋村大前細原2277,F0119,36.4729037,138.5436476
伊香保温泉の石段街,〒377-0102  群馬県渋川市伊香保町伊香保,F0120,36.4981947,138.9165884
桐生が岡動物園,〒376-0056  群馬県桐生市宮本町3-8-13,F0121,36.4211084,139.3403121
ぐんまこどもの国,〒373-0054  群馬県太田市長手町480,F0122,36.3188275,139.3689595
こんにゃくパーク,〒370-2202  群馬県甘楽郡甘楽町大字小幡204-1,F0123,36.2435853,138.9199526
前橋るなぱあく（前橋市中央児童遊園）,〒371-0026  群馬県前橋市大手町3-16-3,F0124,36.3952957,139.0630891
草津白根山,〒377-1711  群馬県吾妻郡草津町草津,F0125,36.62,138.535
尾瀬ケ原,〒378-0411  群馬県利根郡片品村大字戸倉,F0126,36.9341463,139.2303142
碓氷第三橋梁（めがね橋）,〒379-0307  群馬県安中市松井田町坂本,F0127,36.3580585,138.6982782
富岡製糸場,〒370-2316  群馬県富岡市富岡1-1,F0128,36.2551925,138.8875796
四万川ダム,〒377-0601  群馬県吾妻郡中之条町大字四万字木ノ根宿4400-28,F0129,36.6966317,138.781566
水澤観音,〒377-0103  群馬県北群馬郡伊香保町水沢214,F0130,36.4793862,138.9452307
果実の里 原田農園,〒378-0002  群馬県沼田市横塚町1294,F0131,36.6603039,139.0776026
マックスアウトドアツアーズ水上,〒379-1727  群馬県利根郡みなかみ町大穴54-2,F0132,36.7922889,138.9840563
たくみの里 四季の家,〒379-1418  群馬県利根郡みなかみ町須川181,F0133,36.6968378,138.8978303
月夜野まるかチェリー園,〒379-1314  群馬県利根郡みなかみ町下津1562,F0134,36.675553,138.991356
地球屋,〒370-3505  群馬県北群馬郡榛東村上野原1-1,F0135,35.6962387,139.4470201
ふれあいの家,〒379-1418  群馬県利根郡みなかみ町須川252-6,F0136,35.6640137,139.5645291
希望の丘農園,〒370-0868  群馬県高崎市鼻高町1523番地1,F0137,36.318833,138.949493
かぬ～っこ みなかみカヌー.com,〒379-1727  群馬県利根郡みなかみ町大穴55-3,F0138,36.8752891,139.0753282
陶芸 榛名の麓,〒370-3606  群馬県北群馬郡吉岡町上野田1916-1,F0139,36.4668248,138.9718631
陣平農園,〒377-0425  群馬県吾妻郡中之条町西中之条1624-2,F0140,36.6008054,138.8363772
たくみの里いちごの家,〒379-1417  群馬県利根郡みなかみ町東峰396,F0141,36.6943993,138.9089278
生ゆば処 町田屋,〒378-0126  群馬県沼田市白沢町上古語父176-1,F0142,36.664296,139.117968
フォレスト＆ウォーター みなかみベース,〒379-1728  群馬県利根郡みなかみ町湯檜曽191-12,F0143,36.8121802,138.9862675
たくみの里農産物加工の家,〒379-1418  群馬県利根郡みなかみ町須川834,F0144,36.6958233,138.907624
ロックハート城,〒377-0702  群馬県吾妻郡高山村中山5583-1,F0145,36.6310702,138.9883583
水上アウトドアセンター,〒379-1721  群馬県利根郡みなかみ町藤原3822-13,F0146,36.8367054,139.0814473
くれさかの森陶芸工房,〒377-1311  群馬県吾妻郡中之条町赤岩1369-42,F0147,36.59638,138.653922
からっ風焼 陶仙房,〒370-3606  群馬県北群馬郡吉岡町上野田152－1,F0148,36.456016,139.0032688
一般社団法人 安中市観光機構,〒379-0301  群馬県安中市松井田町横川441-6,F0149,36.3370125,138.7342365
月夜野焼 祐太郎窯,〒379-1303  群馬県利根郡みなかみ町上牧2331,F0150,36.7396298,138.9846301
月夜野びーどろパーク,取得失敗,F0151,36.697636,138.981245
カッパCLUB,〒379-1614  群馬県利根郡みなかみ町寺間18,F0152,36.7466266,138.9727194
工房無限大,〒377-0601  群馬県吾妻郡中之条町四万4237－42,F0153,36.684028,138.7761791
水沼駅温泉センター,〒376-0141  群馬県桐生市黒保根町水沼120-1,F0154,36.4997193,139.2774619
ジャグスポーツ,〒379-1725  群馬県利根郡みなかみ町綱子145－1,F0155,36.8028235,139.0017698
菅沼キャンプ村,〒378-0414  群馬県利根郡片品村東小川4655-17,F0156,36.8229565,139.3790806
草津温泉らくご,〒377-1711  群馬県吾妻郡草津町白根750,F0157,36.6227418,138.5962956
奥四万湖,〒377-0601  群馬県吾妻郡中之条町四万,F0158,36.70136,138.78417
榛名山（榛名富士）,〒370-3348  群馬県高崎市榛名湖町,F0159,36.4769619,138.8783551
チャツボミゴケ公園,〒377-1701  群馬県吾妻郡中之条町入山字西山13-3,F0160,36.6528362,138.5971234
赤城山,〒371-0000  群馬県前橋市富士見町,F0161,36.5389572,139.1664295
高原キャベツ畑,〒377-1614  群馬県吾妻郡嬬恋村大字田代,F0162,36.5054917,138.4589737
野反湖,〒377-1701  群馬県吾妻郡中之条町大字入山,F0163,36.7075706,138.6464068
榛名湖畔,〒370-3348  群馬県高崎市榛名湖町観光案内所付近,F0164,36.4763945,138.8674138
大沼,〒371-0101  群馬県前橋市富士見町赤城山,F0165,41.9987492,140.6903742
妙義山,〒370-2300  群馬県富岡市妙義町／下仁田町／安中市,F0166,36.2986013,138.7488767
国指定名勝「吾妻峡」,〒377-0800  群馬県吾妻郡東吾妻町,F0167,36.5623182,138.7212628
四万川,〒377-0601  群馬県吾妻郡中之条町四万,F0168,36.646119,138.7984018
嫗仙の滝,〒377-1701  群馬県吾妻郡草津町大字草津,F0169,36.6072794,138.6180763
浅間山,〒377-1512  群馬県吾妻郡嬬恋村大字鎌原,F0170,36.4076356,138.5206855
白根山,〒377-1701  群馬県吾妻郡草津町大字草津,F0171,36.7986668,139.3759115
赤谷湖,〒379-1404  群馬県利根郡みなかみ町相俣,F0172,36.7217073,138.8913246
尾瀬沼,〒378-0400  群馬県利根郡片品村,F0173,36.9225376,139.3022019
伊香保温泉街,〒377-0102  群馬県渋川市伊香保町伊香保,F0174,36.4981947,138.9165884
天神平,〒379-1728  群馬県利根郡みなかみ町湯桧曽,F0175,36.8179474,138.9482331
四万湖,〒377-0601  群馬県吾妻郡中之条町四万,F0176,36.6261497,138.7937003
諏訪峡,〒379-1612  群馬県利根郡みなかみ町小日向他,F0177,36.7599965,138.9729343
丸沼,〒378-0414  群馬県利根郡片品村東小川,F0178,36.8261913,139.3437425
吹割渓谷,〒378-0303  群馬県沼田市利根町追貝,F0179,36.7021954,139.2073727
一ノ倉沢,〒379-1692  群馬県利根郡みなかみ町一ノ倉沢出合,F0180,36.8470892,138.9428962
榛名高原,〒370-3348  群馬県高崎市榛名湖町,F0181,36.4714871,138.877171
武尊山,〒378-0400  群馬県利根郡片品村／水上町／川場村,F0182,36.8053471,139.132674
至仏山,〒378-0400  群馬県利根郡片品村／水上町,F0183,36.903252,139.1733402
平標山,〒379-1404  群馬県利根郡みなかみ町相俣,F0184,36.8178399,138.8219122
四万の甌穴群,〒377-0601  群馬県吾妻郡中之条町大字四万,F0185,36.66514,138.79343
弓池,〒377-1701  群馬県吾妻郡草津町大字草津,F0186,36.636686,138.5324059
本家ちちや,〒377-1711  群馬県吾妻郡草津町草津89,F0187,36.621895,138.59728
ガトーフェスタ ハラダ 新本館シャトー・デュ・ボヌール,〒370-1301  群馬県高崎市新町1207,F0188,36.2697706,139.114293
水沢うどん 大澤屋（第二店舗）,〒377-0103  群馬県渋川市伊香保町水沢198,F0189,36.4794739,138.9479562
松むら饅頭,〒377-1711  群馬県吾妻郡草津町草津389,F0190,36.6235893,138.5952682
伊香保グリーン牧場,〒377-0027  群馬県渋川市金井2844,F0191,36.498588,138.9448029
元祖 田丸屋,〒377-0103  群馬県渋川市伊香保町水沢206-1,F0192,36.4795377,138.9469738
登利平 本店,〒371-0804  群馬県前橋市六供町1-18-6,F0193,36.3744729,139.0765831
永井食堂,〒377-0201  群馬県渋川市上白井4477-1,F0194,36.565154,139.0373851
シャンゴ 問屋町本店,〒370-0006  群馬県高崎市問屋町1-10-24,F0195,36.351123,139.00792
小荒井製菓,〒379-1617  群馬県利根郡水上町湯原1680-20,F0196,36.765071,138.967656
清芳亭,〒377-0102  群馬県渋川市伊香保町伊香保544-38,F0197,36.499693,138.9265324
ガトーフェスタ ハラダ ららん藤岡店,〒375-0015  群馬県藤岡市中1131-8 上信越自動車道藤岡ハイウェイオアシス ららん藤岡内,F0198,36.2726429,139.0723815
セブンイレブン 群馬草津湯畑店,〒377-1711  群馬県吾妻郡草津町大字草津401,F0199,36.6231579,138.5966029
登利平 南部店,〒379-2146  群馬県前橋市公田町666-7,F0200,36.342382,139.080624
焼まんじゅう島村,〒377-0601  群馬県吾妻郡中之条町大字四万4237-23,F0201,36.6838527,138.7761242
浅間酒造観光センター,〒377-1304  群馬県吾妻郡長野原町長野原1392-10,F0202,36.5483471,138.641462
おぎのや ドライブイン横川,〒379-0301  群馬県安中市松井田町横川297-1,F0203,36.3349041,138.7389222
ドンレミーアウトレット 高崎店,〒370-0045  群馬県高崎市東町5 ココパルク800 １Ｆ,F0204,36.3240829,139.0134308
フリアンのみそパン,〒378-0047  群馬県沼田市上之町193,F0205,36.6552531,139.0634305
ボンジョルノ,〒370-0075  群馬県高崎市筑縄町50-1,F0206,35.70175,139.481218
コストコ 前橋倉庫店,〒379-2141  群馬県前橋市鶴光路町137-2,F0207,36.3327394,139.0940046
三国家,〒377-1700  群馬県吾妻郡草津町草津386,F0208,35.4451194,139.6333504
登利平高崎モントレー店,〒370-0849  群馬県高崎市八島町222,F0209,36.3229442,139.0119245
高崎弁当,〒370-1201  群馬県高崎市倉賀野町,F0210,36.3030196,139.0294196
妙ちくりん,〒372-0812  群馬県伊勢崎市連取町3016-1,F0211,36.3263608,139.1718284
ららん藤岡,〒375-0015  群馬県藤岡市中1060-5,F0212,36.2724567,139.0720626
柏屋カフェ,〒377-0601  群馬県吾妻郡中之条町四万温泉4237-45,F0213,36.6839134,138.7763197
だるま大使,〒370-0883  群馬県高崎市剣崎町1186-12,F0214,36.3474861,138.9562939
草津・尻焼・花敷の観光スポット,取得失敗,F0215,36.6226292,138.5984684
道の駅 草津運動茶屋公園,〒377-1711  群馬県吾妻郡草津町大字草津2-1,F0216,36.6148419,138.5902809
御座之湯,〒377-1711  群馬県吾妻郡草津町大字草津421,F0217,36.6223167,138.5960028
そばきち湯畑店,〒377-1711  群馬県吾妻郡草津町大字草津108,F0218,36.6224411,138.5966713
頼朝,〒377-1711  群馬県吾妻郡草津町大字草津116番地2,F0219,35.3261564,139.5611733
草津温泉プリン,〒377-1711  群馬県吾妻郡草津町草津407,F0220,36.6233429,138.5956932
ティールーム ゆきうさぎ,〒377-1711  群馬県吾妻郡草津町大字草津81,F0221,36.621744,138.597407
お食事処・暖,〒377-1711  群馬県吾妻郡草津町草津113,F0222,36.622564,138.596872
育風堂精肉店,〒379-1727  群馬県利根郡みなかみ町大穴814-1,F0223,36.7890679,138.9783889
角弥そば,〒379-1726  群馬県利根郡みなかみ町幸知189-1,F0224,36.8008457,138.9914459
大とろ牛乳,〒379-1651  群馬県利根郡みなかみ町小仁田２６５－１,F0225,36.7535918,138.971258
パノラマアドヴェンチャーズ,〒379-1613  群馬県利根郡みなかみ町高日向5-4,F0226,36.7531824,138.9769818
まんてん星の湯,〒379-1403  群馬県利根郡みなかみ町猿ヶ京温泉1150-1,F0227,36.7287335,138.8903417
水上温泉,〒379-1617  群馬県利根郡みなかみ町湯原,F0228,36.7762027,138.9670274
まんてん星の湯 里山体験,〒379-1403  群馬県利根郡みなかみ町猿ヶ京温泉1150-1,F0229,36.7287335,138.8903417
フィールドアースみなかみ,〒379-1617  群馬県利根郡みなかみ町湯原748,F0230,36.7674833,138.9705828
TOP水上カンパニー,〒379-1725  群馬県利根郡みなかみ町綱子170-1,F0231,36.802242,139.001794
土合駅階段,〒379-1600  群馬県利根郡みなかみ町土合,F0232,36.8313766,138.9670159
道の駅 みなかみ水紀行館,〒379-1617  群馬県利根郡みなかみ町湯原1681-1,F0233,36.7648458,138.9683269
遊神館,〒379-1416  群馬県利根郡みなかみ町入須川378,F0234,36.6779211,138.8735378
みなかみフルーツランドモギトーレ,〒379-1411  群馬県利根郡みなかみ町新巻5-10,F0235,36.6857377,138.9380101
まぐろや,〒413-0011  静岡県熱海市田原本町9-1,F0236,35.5668965,139.5516538
パン樹 久遠,〒413-0000  静岡県熱海市田原本町7-3,F0237,35.1024224,139.0778927
まる天 熱海店,〒413-0011  静岡県熱海市田原本町6-3,F0238,35.1025933,139.0774662
三木製菓,〒413-0014  静岡県熱海市渚町3-4,F0239,35.0964174,139.0754731
味くらべ,〒413-0102  静岡県熱海市下多賀491,F0240,35.0462315,139.08032
アタミロープウェイ,〒413-0023  静岡県熱海市和田浜南町8-15,F0241,35.0878826,139.0788295
熱海港海釣り施設,"〒413-0023  静岡県熱海市和田浜南町地先 熱海港外防波堤
0557-85-8600",F0242,35.0921358,139.079827
熱海峠パラグライダー,〒413-0039  静岡県熱海市相の原町14-10,F0243,35.108367,139.046195
熱海陶芸工房doka土火,〒413-0019  静岡県熱海市咲見町8-1,F0244,35.099143,139.0754825
熱海トリックアート迷宮館,〒413-0033  静岡県熱海市熱海曽我山1993 熱海城隣,F0245,35.086492,139.078235
熱海城,〒413-0033  静岡県熱海市曽我山1993,F0246,35.086391,139.078634
起雲閣,〒413-0022  静岡県熱海市昭和町4-2,F0247,35.0928633,139.0710177
MOA美術館,〒413-0006  静岡県熱海市桃山町26番2号,F0248,35.1092776,139.0751998
海上釣堀 筏釣りの東海,〒413-0103  静岡県熱海市網代100-7,F0249,35.0454289,139.0876458
ガラスアート体験工房熱海駅前工房,〒413-0011  静岡県熱海市田原本町6-7 角屋ﾋﾞﾙ3F,F0250,35.1028066,139.0777358
伊豆山神社,〒413-0002  静岡県熱海市伊豆山708-1,F0251,35.1154964,139.0824971
熱海ゆびわ工房,〒413-0011  静岡県熱海市田原本町3-1 熱海魚熊ビル4F,F0252,35.1017562,139.0764634
来宮神社の大楠,〒413-0034  静岡県熱海市西山町43-1,F0253,35.1006893,139.0675733
studio iiro,〒413-0002  静岡県熱海市伊豆山579-41,F0254,35.1118704,139.0855654
熱海クラフト工房,〒413-0005  静岡県熱海市春日町12-6,F0255,35.1048458,139.0810944
ぼら納屋,〒413-0231  静岡県伊東市富戸837,F0256,34.8942404,139.136559
回転寿司 魚磯 伊豆高原店,〒413-0231  静岡県伊東市富戸字水口1103-71,F0257,34.9119054,139.1200802
本家鮪屋,〒413-0232  静岡県伊東市八幡野1069-4,F0258,34.878817,139.11231
伊豆高原旅の駅ぐらんぽーと,〒413-0231  静岡県伊東市富戸1090,F0259,34.907513,139.1209724
伊豆高原ビール本店レストラン,〒413-0231  静岡県伊東市富戸1103-21,F0260,34.9119396,139.1194738
伊豆アクアマリン,〒413-0231  静岡県伊東市富戸842-93,F0261,34.888145,139.133157
陶芸体験 八幡野窯,〒413-0232  静岡県伊東市八幡野1666-4 伊豆高原体験の里,F0262,34.873436,139.09787
DIVE＆HOUSE FUTO,〒413-0231  静岡県伊東市富戸855-3,F0263,34.8951668,139.1325139
そば打ち体験 観音亭,〒413-0232  静岡県伊東市八幡野1666-4 伊豆高原体験の里,F0264,34.8730021,139.0966313
橋立つり橋,〒413-0232  静岡県伊東市八幡野,F0265,34.8708368,139.107379
城ケ崎海岸,〒413-0231  静岡県伊東市富戸～八幡野,F0266,34.8910482,139.1399205
伊豆ぐらんぱる公園,〒413-0231  静岡県伊東市富戸1090,F0267,34.9056273,139.1214403
赤沢日帰り温泉館,〒413-0233  静岡県伊東市赤沢字浮山170-2,F0268,34.8584878,139.0912746
伊豆テディベア・ミュージアム,〒413-0232  静岡県伊東市八幡野1064-2,F0269,34.8778007,139.1115152
陶芸工房えんのかま,〒413-0231  静岡県伊東市富戸1317-1053,F0270,34.9065841,139.1122753
伊豆シャボテン動物公園,〒413-0231  静岡県伊東市富戸1317-13,F0271,34.9071258,139.1008839
大室山,〒413-0231  静岡県伊東市富戸1317-5,F0272,34.9041764,139.0962908
伊豆の陶芸体験 ほけきょ庵,〒413-0234  静岡県伊東市池675-62,F0273,34.9047687,139.0884272
伊豆クラフトハウス,〒413-0235  静岡県伊東市大室高原8‐531,F0274,34.9028517,139.1111579
大源太キャニオン,新潟県南魚沼郡湯沢町大字土樽3064-17,F0275,36.9180242,138.8897666
電力ミュージアムOKKY（奥清津発電所）,〒949-6100  新潟県南魚沼郡湯沢町大字三国502,F0276,36.8472388,138.7664404
フォレストアドベンチャー・湯沢中里,〒949-6103  新潟県南魚沼郡湯沢町土樽5044－1,F0277,36.9163307,138.8499444
雪国アグリパーク 湯沢いちご村,〒949-6102  新潟県南魚沼郡湯沢町大字神立750-1,F0278,36.937558,138.823106
体験工房 大源太,新潟県南魚沼郡湯沢町大字土樽6399-1,F0279,36.9188461,138.8761901
湯沢いちご村,〒949-6102  新潟県南魚沼郡湯沢町大字神立750-1,F0280,36.937558,138.823106
湯沢フィッシングパーク,新潟県南魚沼郡湯沢町大字土樽6191-512,F0281,36.9147387,138.8379497
道の駅 みつまた,〒949-6211  新潟県南魚沼郡湯沢町大字三俣1000番地,F0282,36.899669,138.777131
湯沢高原ロープウェイ,〒949-6101  新潟県南魚沼郡湯沢町大字湯沢490,F0283,36.9387983,138.7973791
ドラゴンドラ,〒949-6212  新潟県南魚沼郡湯沢町三国,F0284,36.8231608,138.7640146
千手温泉 千年の湯,〒948-0144  新潟県十日町市水口沢121-7,F0285,37.1625736,138.7369162
道の駅 南魚沼「雪あかり」,〒919-6363  新潟県南魚沼市下一日市855,F0286,37.0037095,138.8184741
清津峡,〒949-8433  新潟県十日町市小出,F0287,36.9675951,138.7509218
八色の森公園,〒949-7302  新潟県南魚沼市浦佐5483番地1,F0288,37.1646372,138.9361987
上越国際プレイランド,〒949-6431  新潟県南魚沼市樺野沢112-1,F0289,37.0321127,138.8176428
星峠の棚田,〒942-1351  新潟県十日町市峠,F0290,37.1242424,138.5295277
越後のお酒ミュージアム ぽんしゅ館,〒949-6101  新潟県南魚沼郡湯沢町湯沢2427-3,F0291,36.9364253,138.8088259
大洗海浜公園,〒311-1305  茨城県東茨城郡大洗町港中央,F0292,36.3044132,140.5664618
フォレストパーク メロンの森,〒311-1504  茨城県鉾田市安房1623-1,F0293,36.1700348,140.5351146
大洗わくわく科学館,〒311-1305  茨城県東茨城郡大洗町港中央12,F0294,36.3074837,140.567215
大洗サンビーチ,〒311-1311  茨城県東茨城郡大洗町大貫町地先,F0295,36.30343182,140.5678519
大洗海岸,〒311-1301  茨城県東茨城郡大洗町磯浜町地先,F0296,36.3124719,140.5866598
大洗シーサイドステーション,〒311-1305  茨城県東茨城郡大洗町港中央11-2,F0297,36.308449,140.5680953
大洗マリンタワー,〒311-1305  茨城県東茨城郡大洗町港中央10,F0298,36.3104997,140.5706698
酒列磯前神社および酒列磯前神社の樹叢,〒311-1202  茨城県ひたちなか市磯崎町4607-2,F0299,36.3824724,140.6212523
国営ひたち海浜公園,〒312-0012  茨城県ひたちなか市馬渡大沼605-4,F0300,36.405864,140.5964868
アクアワールド茨城県大洗水族館,〒311-1301  茨城県東茨城郡大洗町磯浜町8252-3,F0301,36.3335762,140.5940178
深作農園,〒311-2102  茨城県鉾田市台濁沢361,F0302,36.1298187,140.5819099
かねふくめんたいパーク大洗,〒311-1301  茨城県東茨城郡大洗町磯浜町8255-3,F0303,36.3114591,140.5782038
大洗磯前神社,〒311-1301  茨城県東茨城郡大洗町磯浜町6890,F0304,36.3158351,140.5874772
那須ワールドモンキーパーク,〒325-0001  栃木県那須郡那須町高久甲6146,F0305,37.0351956,140.0484997
牧之通りのラーメン屋さん,〒949-6408 新潟県南魚沼市塩沢1210-1,F0306,37.0400383,138.8513806
白糸の滝,〒389-0111  長野県北佐久郡軽井沢町長倉,F0307,36.41041754,138.5933445
軽井沢・プリンスショッピングプラザ,〒389-0102  長野県北佐久郡軽井沢町軽井沢,F0308,36.3422622,138.6369413
伊香保ロープウェイ,〒377-0102  群馬県渋川市伊香保町伊香保560-1,F0309,36.4971202,138.9193777
草津湯畑,〒377-1711 群馬県吾妻郡草津町草津401,F0310,36.6229647,138.5967231
軽井沢 川上庵,〒389-0104  長野県北佐久郡軽井沢町軽井沢6-10,F0311,36.3562621,138.633816
草津温泉（宿泊）,〒377-1711 群馬県吾妻郡草津町草津401,F0312,36.618468,138.59632
宿で就寝,〒377-1528 群馬県吾妻郡嬬恋村万座温泉,F0313,36.6357339,138.5088174
草津湯畑（昼）,〒377-1711 群馬県吾妻郡草津町草津401,F0314,36.62269790000001,138.5969329
草津湯畑（夜）,〒377-1711 群馬県吾妻郡草津町草津401,F0315,36.6229647,138.5967231
宿にチェックイン,〒377-1711 群馬県吾妻郡草津町草津401,F0316,35.5579472,139.3568235
宿で就寝,〒377-1711 群馬県吾妻郡草津町草津401,F0317,36.62173659,138.5933328
宿で就寝,〒377-1711 群馬県吾妻郡草津町草津４６５−４ 草津温泉ホテル 櫻井,F0318,36.62173659,138.5933328
軽井沢 沢屋,〒389-0111  長野県北佐久郡軽井沢町大字長倉字塩沢702番地,F0319,36.3327405,138.6056505
鬼押出し園,〒377-1593  群馬県吾妻郡嬬恋村鎌原1053,F0320,36.4448257,138.5370699
