駅名,緯度,経度
お台場海浜公園,35.62961,139.77818
東京国際クルーズターミナル,35.62108846,139.7733252
テレコムセンター,35.61791,139.78001
汐留,35.66328,139.76036
台場,35.62568,139.77103
有明,35.63482,139.79313
東京ビッグサイト,35.63059,139.792
新橋,35.6648,139.76082
竹芝,35.65378,139.76179
芝浦ふ頭,35.64249,139.75786
日の出,35.64961,139.75932
青海,35.62447,139.78072
新豊洲,35.64853,139.78985
市場前,35.64548,139.7853
有明テニスの森,35.63971,139.78913
豊洲,35.65341,139.79504
上総中野,35.24986,140.19998
大多喜,35.28619,140.24378
東総元,35.25929,140.24727
上総中川,35.28269,140.28097
国吉,35.28039,140.31468
久我原,35.25053,140.24745
上総東,35.26333,140.34531
西畑,35.25064,140.21555
小谷松,35.26877,140.25137
総元,35.24055,140.23994
西大原,35.26051,140.37839
新田野,35.27573,140.32877
大原,35.25185,140.39099
中野（東京）,35.7058146,139.6657874
穴部,35.27962,139.14904
和田河原,35.31601,139.11779
小田原,35.25613,139.15631
岩原,35.29857,139.12903
大雄山,35.31913,139.10328
井細田,35.26865,139.15742
緑町,35.259,139.15844
相模沼田,35.292,139.13429
五百羅漢,35.27491,139.15595
塚原,35.30112,139.12691
飯田岡,35.28767,139.13962
富士フイルム前,35.3178,139.10911
みなとみらい,35.45847,139.63183
元町・中華街,35.44296,139.64977
新高島,35.46196,139.62567
馬車道,35.4505,139.63519
日本大通り,35.44735,139.64175
横浜,35.46687,139.62275
吉野町,35.43557,139.61924
阪東橋,35.43728,139.6244
港南中央,35.40153,139.59194
伊勢佐木長者町,35.44065,139.63204
上大岡,35.40987,139.59601
弘明寺,35.42359,139.60227
蒔田,35.43074,139.61113
関内,35.44537,139.63673
湘南台,35.39602,139.4652
踊場,35.40528,139.51895
舞岡,35.40269,139.55201
上永谷,35.40104,139.57337
下永谷,35.40261,139.55969
中田,35.41088,139.51178
立場,35.41447,139.50135
戸塚,35.40113,139.53556
下飯田,35.40324,139.48251
仲町台,35.53549,139.58876
高島町,35.4581,139.62414
北新横浜,35.5189,139.61287
三ツ沢上町,35.47643,139.60606
新羽,35.52781,139.61194
岸根公園,35.49504,139.61631
片倉町,35.48947,139.606
三ツ沢下町,35.47651,139.61613
センター北,35.55394,139.57858
新横浜,35.5088,139.61753
桜木町,35.44908,139.63118
センター南,35.54593,139.5746
あざみ野,35.56805,139.55354
中川,35.56343,139.56912
八景島,35.3406,139.64106
産業振興センター,35.35343,139.6459
野島公園,35.33042,139.63123
幸浦,35.35805,139.64369
海の公園柴口,35.34236,139.63622
並木北,35.37164,139.64277
鳥浜,35.37691,139.64203
金沢八景,35.33160247,139.6203213
並木中央,35.3651,139.64298
新杉田,35.38545,139.62108
海の公園南口,35.33754,139.63217
南部市場,35.3801,139.6336
福浦,35.34995,139.64852
市大医学部,35.34425,139.65012
大宝,36.20347,139.97028
黒子,36.24758,139.97497
下館,36.30377,139.97754
騰波ノ江,36.22361,139.97631
下妻,36.18275,139.9643
大田郷,36.27765,139.95994
中妻,36.0469,139.99076
寺原,35.91144,140.05542
宗道,36.15432,139.97053
戸頭,35.92915,140.01481
取手,35.89716,140.06365
北水海道,36.0317,139.99289
石下,36.11656,139.97454
守谷,35.95041,139.99229
新取手,35.91734,140.04286
西取手,35.90804,140.05994
南守谷,35.9337,140.0037
稲戸井,35.92593,140.02322
小絹,35.98062,139.98343
南石下,36.10197,139.97392
三妻,36.07315,139.98321
玉村,36.13584,139.96999
水海道,36.01744,139.99081
新守谷,35.96595,139.98591
入地,35.91916,140.15689
竜ヶ崎,35.90868,140.17852
佐貫,35.92906,140.13819
井の頭公園,35.69755,139.58282
吉祥寺,35.70205,139.58046
三鷹台,35.6922,139.58874
駒場東大前,35.65886,139.68317
神泉,35.6572,139.69357
明大前,35.66863,139.65048
渋谷,35.658403,139.698906
永福町,35.67597,139.64331
東松原,35.66258,139.65623
浜田山,35.68137,139.62814
新代田,35.66258,139.66089
高井戸,35.68329,139.61465
久我山,35.6884,139.59888
富士見ヶ丘,35.68504,139.60658
下北沢,35.6615,139.66717
池ノ上,35.66028,139.67394
西永福,35.67868,139.63572
仙川,35.66218,139.58468
代田橋,35.67131,139.66005
笹_,35.67388,139.66789
幡ヶ谷,35.6769,139.67821
桜上水,35.66751,139.63231
八幡山,35.66999,139.61506
芦花公園,35.67065,139.60896
新宿,35.69047,139.69917
下高井戸,35.66622,139.64098
上北沢,35.66897,139.62263
初台,35.6817,139.68862
千歳烏山,35.66751,139.59948
調布,35.65211,139.54356
高幡不動,35.66188,139.41397
北野,35.64495,139.35308
飛田給,35.66034,139.52288
長沼,35.6428,139.36507
つつじヶ丘,35.65762,139.57434
柴崎,35.65365,139.56589
中河原,35.65941,139.45694
東府中,35.66854,139.49602
武蔵野台,35.66431,139.51052
百草園,35.65752,139.43082
布田,35.64993,139.55108
平山城址公園,35.64794,139.38057
多磨霊園,35.6667,139.50117
国領,35.64992,139.55779
京王八王子,35.65849,139.34246
分倍河原,35.66739,139.46816
西調布,35.65772,139.52866
南平,35.65555,139.39302
聖蹟桜ヶ丘,35.65068,139.44616
府中,35.67204,139.48079
府中競馬正門前,35.66833,139.48584
高尾,35.64149,139.28094
山田,35.64438,139.32036
めじろ台,35.6434,139.30777
京王片倉,35.64448,139.33653
高尾山口,35.63192,139.2695
狭間,35.64074,139.29295
京王よみうりランド,35.63303,139.51865
橋本,35.5947,139.34438
京王堀之内,35.62497,139.40131
南大沢,35.61458,139.38091
京王多摩センター,35.62558,139.42516
多摩境,35.60234,139.36735
若葉台,35.61928,139.47342
京王永山,35.62993,139.44935
稲城,35.63592,139.49905
京王稲田堤,35.63376,139.53088
京王多摩川,35.64339,139.53572
多摩動物公園,35.64901,139.4046
青砥,35.74532,139.85585
京成曳舟,35.71812,139.81963
押上,35.70972,139.81158
八広,35.72774,139.82889
四ツ木,35.73126,139.83398
京成立石,35.73804,139.84734
京成高砂,35.75091,139.86746
京成金町,35.76815,139.87049
柴又,35.75606,139.87503
千葉中央,35.60821,140.11739
千葉寺,35.5902,140.13274
大森台,35.58371,140.14992
ちはら台,35.53259,140.16995
学園前,35.55982,140.15828
おゆみ野,35.54975,140.16708
京成津田沼,35.68349,140.02558
新千葉,35.61255,140.10824
みどり台,35.62572,140.097
京成稲毛,35.63771,140.08565
京成千葉,35.6117,140.11406
検見川,35.65267,140.06631
西登戸,35.61804,140.10258
京成幕張,35.66098,140.05574
京成幕張本郷,35.67278,140.04184
京成成田,35.77671,140.31612
東成田,35.76902,140.38774
成田空港,35.76452,140.38551
空港第2ビル,35.77178,140.38846
京成大和田,35.71259,140.10925
志津,35.71734,140.14453
京成西船,35.71146,139.95927
京成佐倉,35.72524,140.23072
大神宮下,35.69365,139.99155
京成八幡,35.72362,139.92854
京成大久保,35.68592,140.04917
実籾,35.68697,140.06875
谷津,35.68566,140.00695
ユーカリが丘,35.72197,140.15698
船橋競馬場,35.68993,139.99733
勝田台,35.71547,140.12685
宗吾参道,35.75196,140.28031
公津の杜,35.76009,140.29403
海神,35.70569,139.97213
東中山,35.7143,139.9531
鬼越,35.71955,139.9383
八千代台,35.70182,140.09135
京成中山,35.71673,139.94493
京成臼井,35.73053,140.1813
大佐倉,35.72978,140.25042
京成船橋,35.70029,139.98591
京成酒々井,35.73644,140.2697
京成関屋,35.74393,139.81144
堀切菖蒲園,35.74765,139.82706
菅野,35.72802,139.91994
千住大橋,35.74255,139.79661
京成上野,35.71081,139.77362
江戸川,35.73772,139.89646
日暮里,35.72748,139.77215
新三河島,35.73693,139.77348
国府台,35.73618,139.90426
町屋,35.74197,139.78108
京成小岩,35.74182,139.88419
市川真間,35.73095,139.91233
お花茶屋,35.74768,139.83944
三崎口,35.17768,139.63286
北久里浜,35.24838,139.68639
YRP野比,35.21195,139.68487
新大津,35.25755,139.6904
津久井浜,35.19767,139.66428
京急長沢,35.20524,139.67352
三浦海岸,35.1878,139.65274
堀ノ内,35.26351,139.68635
京急久里浜,35.2308,139.7021
京急蒲田,35.56286733,139.7251566
穴守稲荷,35.55022,139.7471
糀谷,35.55422,139.72985
大鳥居,35.55209,139.74105
天空橋,35.54863,139.75389
羽田空港第1・第2ターミナル,35.54904,139.78448
逗子・葉山,35.29364,139.58036
神武寺,35.30601,139.5926
六浦,35.32255,139.61114
京急川崎,35.53338,139.70132
鈴木町,35.5354,139.72109
小島新田,35.53457,139.74795
東門前,35.53659,139.73471
港町,35.53503,139.71314
大師橋,35.53661,139.74087
川崎大師,35.53585,139.72641
大森海岸,35.58705,139.73524
立会川,35.59817,139.73879
青物横丁,35.60864,139.74324
北品川,35.62205,139.73941
品川,35.62689,139.73807
新馬場,35.61586,139.74166
鮫洲,35.60469,139.74214
泉岳寺,35.63746,139.73938
安針塚,35.28673,139.64238
京急鶴見,35.50725,139.67811
杉田,35.38427,139.61541
南太田,35.43699,139.61427
汐入,35.28029,139.66184
逸見,35.28092,139.652
大森町,35.57279,139.73219
京急新子安,35.48703,139.65536
八丁畷,35.52331,139.69172
追浜,35.31632,139.62459
雑色,35.55006,139.7152
生麦,35.49524,139.66691
花月総持寺,35.50002,139.67252
横須賀中央,35.27902,139.66937
能見台,35.36119,139.62947
金沢文庫,35.34372,139.62189
馬堀海岸,35.25958,139.70699
神奈川,35.47099,139.62719
浦賀,35.25112,139.71502
黄金町,35.4399,139.62315
戸部,35.45619,139.61976
井土ヶ谷,35.43402,139.60118
京急東神奈川,35.47718,139.63444
屏風浦,35.39458,139.60997
鶴見市場,35.51801,139.68677
京急富岡,35.36619,139.62983
子安,35.48433,139.64435
県立大学,35.27041,139.67611
京急田浦,35.30146,139.62482
神奈川新町,35.48104,139.63956
京急大津,35.26133,139.6946
梅屋敷,35.56707,139.7284
六郷土手,35.54081,139.70781
日ノ出町,35.44591,139.62652
平和島,35.5795,139.73519
御岳山,35.78977,139.15399
滝本,35.79621,139.16172
七里ヶ浜,35.30637,139.51024
鎌倉,35.31849,139.55009
柳小路,35.32752,139.48523
鵠沼,35.32116,139.48256
湘南海岸公園,35.31506,139.48352
由比ヶ浜,35.31295,139.54184
鎌倉高校前,35.30675,139.50076
和田塚,35.31381,139.54566
極楽寺,35.30937,139.52874
石上,35.33277,139.48565
稲村ヶ崎,35.30434,139.52254
長谷,35.3114,139.53654
藤沢,35.33772,139.48743
腰越,35.30823,139.49359
江ノ島,35.31092,139.48787
高尾山,35.63108,139.2558
清滝,35.63107,139.26644
戸塚安行,35.85818,139.75376
東川口,35.87599,139.74424
南鳩ヶ谷,35.81527,139.73588
鳩ヶ谷,35.83,139.73653
浦和美園,35.89304,139.72827
赤羽岩淵,35.7831,139.72346
川口元郷,35.7995,139.72946
新井宿,35.84286,139.73712
内宿,36.01404,139.59968
原市,35.96417,139.62225
加茂宮,35.93545,139.61687
沼南,35.97072,139.62347
今羽,35.94965,139.61955
吉野原,35.95667,139.62083
丸山,35.97991,139.62455
伊奈中央,35.99919,139.61726
鉄道博物館,35.91995,139.61795
東宮原,35.94233,139.61815
羽貫,36.00741,139.60822
志久,35.99135,139.62208
公園,35.73109,140.15373
中学校,35.74046,140.14854
井野,35.73318,140.14844
地区センター,35.72651,140.15511
女子大,35.73788,140.15541
徳宿,36.19108,140.5145
大洗,36.31595,140.56292
鹿島旭,36.22483,140.51264
常澄,36.34026,140.55986
涸沼,36.2666,140.52771
東水戸,36.36127,140.51713
水戸,36.37098,140.47875
鹿島灘,36.07514,140.59705
鹿島大野,36.05039,140.61004
北浦湖畔,36.12021,140.53728
大洋,36.10791,140.57688
新鉾田,36.15232,140.52044
長者ヶ浜潮騒はまなす公園前,36.03095,140.61901
荒野台,36.01662,140.62535
鹿島サッカースタジアム,35.99275,140.63605
芝山千代田,35.75429,140.39895
柏たなか,35.91027,139.95734
万博記念公園,36.05781,140.05942
流山おおたかの森,35.87131,139.92448
みどりの,36.02935,140.05608
つくば,36.08197,140.10956
みらい平,35.9938,140.03801
研究学園,36.0822,140.08155
柏の葉キャンパス,35.89276,139.95238
北千住,35.74869,139.80481
三郷中央,35.82396,139.87804
六町,35.78394,139.82171
浅草,35.71478,139.79261
八潮,35.80737,139.84418
南流山,35.83885,139.90347
青井,35.77119,139.82021
秋葉原,35.6976,139.77395
南千住,35.73233,139.79844
流山セントラルパーク,35.85519,139.91529
新御徒町,35.70699,139.78118
相模大野,35.53111,139.43698
鶴間,35.48991,139.45098
中央林間,35.50738,139.44412
東林間,35.51938,139.43948
南林間,35.49499,139.44832
長後,35.4128,139.46538
鵠沼海岸,35.3204,139.47144
本鵠沼,35.33134,139.47561
桜ヶ丘,35.45,139.4657
大和,35.46895,139.46193
六会日大前,35.38412,139.47061
藤沢本町,35.34854,139.47566
善行,35.36293,139.47324
片瀬江ノ島,35.30887,139.4835
高座渋谷,35.43159,139.4647
代々木八幡,35.66945,139.68843
喜多見,35.63613,139.58554
豪徳寺,35.65411,139.6481
南新宿,35.68316,139.69817
千歳船橋,35.64791,139.62533
参宮橋,35.67813,139.69329
祖師ヶ谷大蔵,35.64302,139.60895
梅ヶ丘,35.65624,139.65434
世田谷代田,35.65814,139.66076
東北沢,35.66508,139.67254
経堂,35.65151,139.63778
成城学園前,35.63981,139.59796
代々木上原,35.66849,139.67877
町田,35.54471,139.44575
狛江,35.63162,139.57669
読売ランド前,35.61484,139.52706
生田,35.61482,139.54065
和泉多摩川,35.6268,139.57331
百合ヶ丘,35.60866,139.51514
柿生,35.58891,139.49711
玉川学園前,35.56428,139.46393
小田急相模原,35.51625,139.42363
登戸,35.62007,139.56878
相武台前,35.49995,139.40909
向ヶ丘遊園,35.61683,139.56355
鶴川,35.58332,139.48287
新百合ヶ丘,35.60306,139.50667
海老名,35.45355,139.39182
愛甲石田,35.41817,139.34465
新松田,35.34432,139.13878
足柄,35.27212,139.15447
座間,35.48173,139.39986
栢山,35.31096,139.14252
厚木,35.44297,139.37752
本厚木,35.43856,139.36355
秦野,35.36956,139.22685
鶴巻温泉,35.38099,139.2779
開成,35.32681,139.13567
伊勢原,35.39638,139.31439
富水,35.2974,139.14491
渋沢,35.3739,139.1856
東海大学前,35.37317,139.27125
螢田,35.28547,139.15154
五月台,35.6,139.49407
唐木田,35.61732,139.41218
小田急多摩センター,35.62527,139.42533
栗平,35.60545,139.48185
はるひ野,35.6191,139.46423
小田急永山,35.62959,139.44916
五井,35.51218,140.08849
上総鶴舞,35.3816,140.16477
里見,35.33694,140.14546
上総久保,35.3672,140.15415
海士有木,35.48152,140.12466
上総山田,35.45377,140.12606
養老渓谷,35.2662,140.15975
馬立,35.42348,140.1149
月崎,35.30189,140.13927
上総村上,35.49577,140.10066
上総牛久,35.40011,140.14266
上総大久保,35.28338,140.14551
飯給,35.32018,140.14257
光風台,35.43919,140.11407
上総三又,35.46558,140.12684
上総川間,35.38809,140.15135
高滝,35.35335,140.15051
西鎌倉,35.31926,139.50405
目白山下,35.31422,139.49178
大船,35.3531,139.53155
湘南深沢,35.33279,139.51871
湘南江の島,35.31202,139.48801
富士見町,35.34562,139.52957
湘南町屋,35.33816,139.52275
片瀬山,35.31729,139.49654
高根公団,35.73084,140.02886
鎌ヶ谷大仏,35.75754,140.0147
新鎌ヶ谷,35.77941,139.99926
みのり台,35.78947,139.92815
初富,35.77148,140.00026
北初富,35.77639,139.98924
薬園台,35.70943,140.03708
二和向台,35.75365,140.02431
高根木戸,35.72697,140.03438
くぬぎ山,35.78279,139.97582
松戸新田,35.79074,139.92173
八柱,35.79107,139.93707
前原,35.70096,140.02802
三咲,35.74964,140.02845
新津田沼,35.69046,140.02298
五香,35.79778,139.96556
滝不動,35.73844,140.02665
常盤平,35.80299,139.94889
北習志野,35.72164,140.0418
習志野,35.71586,140.04295
松戸,35.78349,139.90039
上本郷,35.78915,139.9155
折本,36.3403,139.97131
下館二高前,36.3197,139.97191
ひぐち,36.35814,139.97035
西所沢,35.78839,139.45673
下山口,35.77928,139.44084
西武球場前,35.77143,139.42026
東村山,35.75903,139.46581
鷹の台,35.72258,139.46099
国分寺,35.70018,139.48235
恋ヶ窪,35.71096,139.4642
多摩湖,35.76511,139.44288
西武園ゆうえんち,35.76876,139.44037
下井草,35.72379,139.62538
下落合,35.71573,139.69586
高田馬場,35.71176,139.7037
野方,35.71939,139.65415
鷺ノ宮,35.72261,139.64064
上井草,35.72521,139.60369
中井,35.71513,139.68735
都立家政,35.72202,139.64604
新井薬師前,35.71555,139.67342
井荻,35.72462,139.61658
上石神井,35.72611,139.593
沼袋,35.71906,139.66561
西武新宿,35.6953,139.70004
小平,35.73648,139.48944
狭山市,35.858,139.41365
入曽,35.83185,139.42779
南大塚,35.89004,139.45465
航空公園,35.79774,139.46627
本川越,35.9153,139.48189
新狭山,35.87458,139.43434
新所沢,35.80499,139.45808
所沢,35.78622,139.47317
久米川,35.74902,139.4733
武蔵関,35.72754,139.57721
田無,35.72729,139.53987
花小金井,35.72588,139.51394
西武柳沢,35.72863,139.55294
東伏見,35.72868,139.56435
西武園,35.76791,139.44845
吾野,35.90831,139.22645
横瀬,35.98387,139.09876
西武秩父,35.98896,139.08262
西吾野,35.92757,139.20252
芦ヶ久保,35.97628,139.13498
正丸,35.9386,139.18085
小竹向原,35.74388,139.6785
練馬,35.73804,139.65557
新桜台,35.74167,139.66964
八坂,35.74459,139.46844
一橋学園,35.7217,139.4801
萩山,35.74031,139.47745
武蔵大和,35.75607,139.44427
青梅街道,35.73064,139.47654
武蔵境,35.70192,139.54474
新小金井,35.69623,139.52711
競艇場前,35.65607,139.49904
多磨,35.67731,139.51738
白糸台,35.66579,139.50875
是政,35.65616,139.48921
池袋,35.72783,139.71091
石神井公園,35.74389,139.6055
江古田,35.73723,139.67355
富士見台,35.73593,139.63063
中村橋,35.73677,139.63801
東長崎,35.72947,139.68383
練馬高野台,35.74107,139.61599
椎名町,35.72637,139.69494
大泉学園,35.74965,139.58598
小手指,35.80013,139.43903
東吾野,35.89205,139.26053
元加治,35.84025,139.34621
清瀬,35.77166,139.52102
仏子,35.83769,139.36093
狭山ヶ丘,35.81001,139.41775
飯能,35.85071,139.32013
秋津,35.77818,139.49787
東久留米,35.75994,139.53424
武蔵横手,35.88476,139.28121
武蔵藤沢,35.8199,139.41296
高麗,35.88172,139.30516
東飯能,35.8525,139.32597
稲荷山公園,35.84431,139.40047
入間市,35.84375,139.39097
ひばりヶ丘,35.75183,139.54481
保谷,35.74814,139.56712
拝島,35.72133,139.34398
東大和市,35.73323,139.43496
西武立川,35.72625,139.37021
武蔵砂川,35.7289,139.39298
玉川上水,35.73167,139.41945
豊島園,35.74247,139.64804
千葉,35.6116,140.11365
千葉みなと,35.60762,140.10224
葭川公園,35.60918,140.12007
千城台北,35.6274,140.18238
みつわ台,35.63849,140.13521
天台,35.63113,140.11293
千葉公園,35.61937,140.1181
桜木,35.63124,140.16135
小倉台,35.62798,140.17222
スポーツセンター,35.64305,140.11609
動物公園,35.6425,140.12587
千城台,35.62212,140.18884
作草部,35.62546,140.11551
都賀,35.63572,140.14908
南万騎が原,35.4522,139.5264
いずみ野,35.42971,139.49405
弥生台,35.42975,139.50586
緑園都市,35.43881,139.52153
ゆめが丘,35.40516,139.48192
二俣川,35.46278,139.53156
いずみ中央,35.41438,139.48707
西横浜,35.45325,139.60835
天王町,35.45424,139.60185
和田町,35.46392,139.58594
平沼橋,35.4595,139.61615
上星川,35.46810826,139.5795193
三ツ境,35.46818,139.50155
相模大塚,35.47065,139.44055
鶴ヶ峰,35.47493,139.54941
西谷,35.47811193,139.5643312
瀬谷,35.47037,139.48215
かしわ台,35.46646,139.41483
希望ヶ丘,35.46077,139.51255
さがみ野,35.47153,139.4279
幸谷,35.82741,139.92012
鰭ヶ崎,35.84073,139.91138
馬橋,35.81243,139.91713
流山,35.85522,139.90176
小金城趾,35.83627,139.91656
平和台,35.85079,139.90119
立川北,35.69908,139.41264
松が谷,35.63147,139.42215
程久保,35.65492,139.41057
桜街道,35.73875,139.41661
泉体育館,35.71856,139.41972
多摩センター,35.62352,139.42267
上北台,35.74549,139.41586
甲州街道,35.67843,139.40885
中央大学・明星大学,35.64173,139.40908
立飛,35.71449,139.41727
立川南,35.69647,139.41274
砂川七番,35.7231,139.41811
万願寺,35.67159,139.41962
柴崎体育館,35.69006,139.4094
大塚・帝京大学,35.63666,139.41676
大山寺,35.42963,139.24127
大山ケーブル,35.42782,139.24473
阿夫利神社,35.43167,139.2378
宮脇,36.21487,140.10027
筑波山頂,36.22544,140.10135
羽生,36.1701,139.5337
西羽生,36.17666,139.52489
樋口,36.13132,139.12302
東行田,36.1476,139.46863
皆野,36.06813,139.094
寄居,36.11769,139.19418
三峰口,35.96028,138.97732
武州日野,35.95387,139.02151
波久礼,36.12639,139.15808
御花畑,35.99202,139.08352
大野原,36.01836,139.09388
持田,36.13773,139.44203
小前田,36.12894,139.22282
大麻生,36.14458,139.33137
永田,36.1352,139.25907
親鼻,36.07745,139.10543
和銅黒谷,36.04642,139.10174
武川,36.14217,139.28114
行田市,36.14359,139.45997
武州荒木,36.16269,139.48899
ひろせ野鳥の森,36.14608,139.35137
影森,35.97161,139.06811
上熊谷,36.14285,139.38137
秩父,35.99824,139.08581
明戸,36.14289,139.30277
桜沢,36.12872,139.20866
長瀞,36.09594,139.11202
上長瀞,36.08553,139.11341
浦山口,35.9639,139.05772
白久,35.95879,138.9929
熊谷,36.13915,139.38949
野上,36.11198,139.1109
武州中川,35.95819,139.03494
銚子,35.72915,140.82883
海鹿島,35.7218,140.86341
笠上黒生,35.72809,140.8572
犬吠,35.70657,140.86096
外川,35.69903,140.85711
仲ノ町,35.72887,140.83415
西海鹿島,35.72482,140.86048
観音,35.72897,140.84027
本銚子,35.73095,140.84777
君ヶ浜,35.71375,140.86046
国府津,35.28106,139.2129
山北,35.36055,139.079
東山北,35.35792,139.10733
松田,35.34621,139.13852
上大井,35.32282,139.16253
相模金子,35.33454,139.14971
下曽我,35.3045,139.1824
谷峨,35.36694,139.03815
東京,35.68296,139.76807
天王洲アイル,35.62328,139.75065
大井競馬場前,35.59451,139.74716
モノレール浜松町,35.65514,139.75661
羽田空港第1ターミナル,35.54977,139.78417
整備場,35.55466,139.75336
羽田空港第2ターミナル,35.55143,139.78778
流通センター,35.58101,139.74937
昭和島,35.57002,139.74976
新整備場,35.54348,139.78714
こどもの国,35.55761,139.48677
恩田,35.54596,139.49176
長津田,35.53185,139.49536
若林,35.646,139.6603
宮の坂,35.64719,139.64481
山下,35.65385,139.64647
世田谷,35.64353,139.65126
松陰神社前,35.64395,139.65535
三軒茶屋,35.64413,139.66961
上町,35.64338,139.64667
西太子堂,35.64438,139.66672
大井町,35.60759,139.73506
戸越公園,35.60885,139.71798
下神明,35.60884,139.72594
二子玉川,35.61036,139.6255
北千束,35.60615,139.69366
上野毛,35.61171,139.63945
旗の台,35.60485,139.70266
等々力,35.60823,139.64849
九品仏,35.60531,139.66144
大岡山,35.60724,139.68547
自由が丘,35.60767,139.66974
中延,35.60548,139.7122
尾山台,35.60678,139.65482
荏原町,35.60382,139.70713
大崎広小路,35.62202,139.72206
五反田,35.62457,139.72385
戸越銀座,35.61569,139.71485
荏原中延,35.60979,139.71191
雪が谷大塚,35.59162,139.6809
石川台,35.59664,139.68475
御嶽山,35.58491,139.68255
洗足池,35.59955,139.69051
蓮沼,35.56366,139.70876
久が原,35.57915,139.68589
池上,35.57191,139.70326
蒲田,35.56179,139.71501
千鳥町,35.57275,139.6917
二子新地,35.60671,139.62212
駒沢大学,35.63351,139.66177
梶が谷,35.59322,139.60513
用賀,35.62721,139.63507
宮崎台,35.58668,139.58993
池尻大橋,35.65116,139.68555
宮前平,35.5851,139.58347
桜新町,35.63176,139.64658
溝の口,35.59929,139.60978
青葉台,35.54289,139.51795
つきみ野,35.51036,139.45788
市が尾,35.55172,139.5417
たまプラーザ,35.57763,139.55955
すずかけ台,35.51649,139.4813
田奈,35.53633,139.50506
鷺沼,35.57921,139.57255
江田,35.55889,139.55163
つくし野,35.52621,139.48472
南町田グランベリーパーク,35.51144,139.46939
多摩川,35.59037,139.6685
代官山,35.64805,139.70316
中目黒,35.64352,139.69815
祐天寺,35.63668,139.69035
学芸大学,35.62816,139.68487
都立大学,35.61734,139.67596
田園調布,35.59795,139.66726
反町,35.47491,139.6254
綱島,35.53717,139.6351
元住吉,35.5663,139.655
武蔵小杉,35.57663,139.66006
菊名,35.51127,139.63118
新丸子,35.581,139.6622
東白楽,35.4831,139.62963
白楽,35.48912,139.62779
妙蓮寺,35.49842,139.63327
沼部,35.58275,139.6729
武蔵新田,35.56797,139.69212
矢口渡,35.5626,139.69994
鵜の木,35.57563,139.68031
下丸子,35.57149,139.68514
目黒,35.6332,139.71542
不動前,35.62522,139.71279
洗足,35.60975,139.69377
奥沢,35.60383,139.67197
西小山,35.61513,139.69845
武蔵小山,35.6202,139.70392
仲御徒町,35.7074,139.77626
入谷,35.72131,139.78504
上野,35.71199,139.77764
三ノ輪,35.7299,139.79182
神谷町,35.66206,139.74419
銀座,35.67155,139.76464
広尾,35.6506,139.72226
東銀座,35.66977,139.76691
霞ヶ関,35.67452,139.75144
人形町,35.6869,139.78179
茅場町,35.67976,139.78005
六本木,35.66235,139.73025
小伝馬町,35.69112,139.77817
築地,35.66854,139.77326
日比谷,35.67476,139.75989
恵比寿,35.64646,139.70808
末広町,35.70319,139.77181
上野広小路,35.70838,139.77315
虎ノ門,35.67,139.75056
外苑前,35.67016,139.71725
溜池山王,35.67187,139.74139
青山一丁目,35.67247,139.72318
赤坂見附,35.67621,139.73773
三越前,35.68671,139.77378
表参道,35.66431,139.7118
後楽園,35.70734,139.75164
御茶ノ水,35.70069,139.76355
本郷三丁目,35.70728,139.7595
新高円寺,35.69788,139.64926
南阿佐ヶ谷,35.69918,139.63624
荻窪,35.70419,139.62077
茗荷谷,35.71758,139.73649
新中野,35.6975,139.67029
東高円寺,35.69787,139.659
新大塚,35.72652,139.7288
中野坂上,35.69701,139.68284
国会議事堂前,35.67429,139.74455
淡路町,35.69535,139.76746
四谷三丁目,35.68793,139.72037
四ツ谷,35.68326,139.73009
西新宿,35.69428,139.6932
新宿三丁目,35.69087,139.70489
新宿御苑前,35.68834,139.71185
中野新橋,35.69207,139.67448
方南町,35.68367,139.65867
中野富士見町,35.69089,139.6689
原木中山,35.70264,139.94123
妙典,35.69029,139.92343
飯田橋,35.70182,139.74579
落合,35.7109,139.68706
神楽坂,35.70367,139.73566
早稲田,35.70558,139.72333
門前仲町,35.67146,139.7971
木場,35.66938,139.80591
九段下,35.69698,139.75101
竹橋,35.69028,139.75852
葛西,35.66354,139.87396
南砂町,35.66881,139.83048
行徳,35.68194,139.91336
南行徳,35.67339,139.90306
西葛西,35.66471,139.85786
東陽町,35.66966,139.81892
西船橋,35.70671,139.95979
本駒込,35.72517,139.75366
西ヶ原,35.74557,139.74263
駒込,35.73648,139.7466
東大前,35.71893,139.7574
王子,35.75355,139.73779
志茂,35.77728,139.73303
王子神谷,35.76418,139.73597
永田町,35.67878,139.73822
麻布十番,35.65554,139.73715
市ヶ谷,35.69417,139.73766
六本木一丁目,35.66579,139.73902
白金高輪,35.64385,139.73469
千川,35.73884,139.68851
地下鉄成増,35.776,139.63258
東池袋,35.72659,139.71787
江戸川橋,35.70964,139.73315
氷川台,35.75005,139.6645
護国寺,35.72003,139.72705
要町,35.73342,139.69736
地下鉄赤塚,35.76909,139.64552
和光市,35.78877,139.61182
新富町,35.67016,139.77451
麹町,35.6856,139.73699
有楽町,35.67623,139.76108
月島,35.66522,139.78386
桜田門,35.67772,139.75296
銀座一丁目,35.67508,139.76591
辰巳,35.64531,139.81103
新木場,35.64564,139.82535
西日暮里,35.73281,139.76785
千駄木,35.7266,139.76356
新御茶ノ水,35.69759,139.76576
北綾瀬,35.77725,139.83211
湯島,35.70779,139.77002
根津,35.7179,139.76517
綾瀬,35.76241,139.82614
二重橋前,35.68145,139.7621
乃木坂,35.6673,139.72701
代々木公園,35.66926,139.68868
明治神宮前,35.66949,139.70307
錦糸町,35.69861,139.81487
神保町,35.69594942,139.7568541
水天宮前,35.68231,139.78576
半蔵門,35.68445,139.74158
清澄白河,35.6822,139.80141
蔵前,35.70268,139.7903
本所吾妻橋,35.70854,139.80368
浅草橋,35.69687,139.78598
高輪台,35.63122,139.72975
戸越,35.61374,139.71611
東日本橋,35.69304,139.78497
西馬込,35.58668,139.70585
馬込,35.59575,139.71171
水道橋,35.70269,139.75541
千石,35.72845,139.74409
巣鴨,35.73426,139.73742
新板橋,35.74893,139.71848
西高島平,35.79169,139.64682
板橋区役所前,35.75179,139.70946
新高島平,35.79004,139.65529
本蓮沼,35.76837,139.70253
西巣鴨,35.74404,139.72814
高島平,35.78875,139.66224
志村坂上,35.77578,139.6953
板橋本町,35.76072,139.70575
西台,35.78699,139.67367
蓮根,35.78342,139.67898
志村三丁目,35.77767,139.68673
内幸町,35.66983,139.75567
白金台,35.63814,139.72671
御成門,35.66169,139.75183
芝公園,35.65416,139.74983
本八幡,35.72407,139.92749
篠崎,35.70681,139.90459
西大島,35.68933,139.82728
曙橋,35.6923,139.72357
東大島,35.68926,139.84892
岩本町,35.69553,139.77626
船堀,35.68382,139.86487
小川町,35.69561,139.76788
瑞江,35.6941,139.89831
馬喰横山,35.69134,139.78369
浜町,35.68839,139.78898
一之江,35.68608,139.8839
両国,35.69751,139.79737
上野御徒町,35.70804,139.77226
東新宿,35.69779,139.70852
牛込柳町,35.6994,139.72599
新江古田,35.73221,139.67133
落合南長崎,35.72282,139.68387
牛込神楽坂,35.70121,139.73677
光が丘,35.75848,139.62997
東中野,35.70672,139.68296
練馬春日町,35.75108,139.64161
若松河田,35.6994,139.71894
築地市場,35.66462,139.76718
勝どき,35.65938,139.77778
赤羽橋,35.65505,139.74342
西新宿五丁目,35.6902,139.68535
都庁前,35.69073,139.69345
新宿西口,35.69382,139.69901
国立競技場,35.67963,139.71583
代々木,35.683,139.70174
荒川車庫前,35.75087,139.75256
王子駅前,35.75256,139.73846
梶原,35.75107,139.74758
荒川遊園地前,35.75064,139.75775
荒川七丁目,35.74205,139.78392
熊野前,35.74914,139.76955
三ノ輪橋,35.73209,139.79174
荒川二丁目,35.73837,139.78469
町屋二丁目,35.74375,139.77665
宮ノ前,35.74991,139.76564
荒川区役所前,35.73519,139.78617
小台,35.75048,139.762
東尾久三丁目,35.74549,139.77405
町屋駅前,35.7428,139.78067
荒川一中前,35.73376,139.78868
庚申塚,35.73892,139.72947
滝野川一丁目,35.74742,139.7355
面影橋,35.71281,139.71492
西ヶ原四丁目,35.74404,139.73254
学習院下,35.71554,139.71221
新庚申塚,35.74092,139.73024
東池袋四丁目,35.7254,139.7205
飛鳥山,35.74989,139.73721
大塚駅前,35.73145,139.7294
巣鴨新田,35.73496,139.72804
都電雑司ヶ谷,35.72433,139.7181
鬼子母神前,35.7204,139.71502
東京テレポート,35.62728,139.77844
大崎,35.62041,139.72743
東雲,35.64117,139.80533
国際展示場,35.63406,139.79104
品川シーサイド,35.61068,139.74996
衣笠,35.2575,139.65974
久里浜,35.23215,139.70134
横須賀,35.28448,139.65382
田浦,35.29276,139.63816
東逗子,35.29869,139.60243
逗子,35.29759,139.57965
北鎌倉,35.33721,139.54536
東神奈川,35.47706,139.6324
小机,35.50824,139.60046
大口,35.4918,139.64643
成瀬,35.53584,139.47217
相模原,35.58097,139.37162
淵野辺,35.56897,139.39439
相原,35.60751,139.33162
八王子みなみ野,35.63201,139.33131
十日市場,35.52604,139.51723
矢部,35.5735,139.38577
鴨居,35.51099,139.56781
片倉,35.64007,139.34192
古淵,35.55608,139.41905
八王子,35.65519,139.33939
本千葉,35.60167,140.12093
蘇我,35.58113,140.13124
新茂原,35.44845,140.29945
八積,35.40337,140.34642
三門,35.28258,140.39156
本納,35.48115,140.30741
安房鴨川,35.10702,140.10311
鵜原,35.14152,140.27946
鎌取,35.56307,140.17825
上総一ノ宮,35.37331,140.36526
御宿,35.18675,140.35082
行川アイランド,35.11821,140.22531
茂原,35.426,140.30555
長者町,35.29558,140.38519
東浪見,35.3459,140.37715
安房小湊,35.12885,140.19102
太東,35.32066,140.38119
浪花,35.22206,140.37868
誉田,35.54727,140.21288
勝浦,35.15309,140.31283
土気,35.53043,140.27125
安房天津,35.12546,140.15384
上総興津,35.13749,140.25117
大網,35.52143,140.31239
木更津,35.38036,139.92599
東横田,35.38615,140.0364
小櫃,35.32791,140.05985
上総亀山,35.2334,140.08917
上総清川,35.39084,139.96609
久留里,35.29523,140.07574
平山,35.27402,140.06439
上総松丘,35.25788,140.06406
下郡,35.35463,140.0554
横田,35.38621,140.02067
東清川,35.39002,139.98631
馬来田,35.36649,140.05845
祇園,35.3917,139.94875
俵田,35.31438,140.06175
新習志野,35.66685,140.01392
市川塩浜,35.66742,139.92413
稲毛海岸,35.62943,140.07499
検見川浜,35.63649,140.06002
南船橋,35.68131,139.99643
海浜幕張,35.64785,140.04291
二俣新町,35.6915,139.9604
舞浜,35.63579,139.88473
越中島,35.66732,139.79331
新浦安,35.65021,139.91336
葛西臨海公園,35.64382,139.86243
潮見,35.6595,139.81653
武蔵引田,35.72962,139.27072
武蔵五日市,35.73271,139.22876
武蔵増戸,35.73089,139.25704
熊川,35.72813,139.33609
秋川,35.72795,139.28745
東秋留,35.72594,139.3124
籠原,36.17369,139.332
神保原,36.25421,139.14761
深谷,36.19097,139.28287
本庄,36.23558,139.18975
岡部,36.20496,139.23926
上尾,35.97419,139.58781
宮原,35.94168,139.60931
北上尾,35.98625,139.57652
桶川,35.99929,139.56328
鴻巣,36.05763,139.51077
北本,36.03377,139.53261
吹上,36.10217,139.45533
北鴻巣,36.0864,139.47607
行田,36.11275,139.43322
山手,35.42591,139.64685
石川町,35.43952,139.64263
洋光台,35.37897,139.59747
根岸,35.41615,139.63725
磯子,35.40149,139.61909
本郷台,35.36811,139.5512
港南台,35.37534,139.5771
田端,35.73826,139.76067
目白,35.72145,139.7066
新大久保,35.70175,139.70032
原宿,35.67042,139.70251
香取,35.89795,140.5337
十二橋,35.91648,140.5458
鹿島神宮,35.97048,140.62467
潮来,35.93647,140.5494
延方,35.95825,140.5883
本庄早稲田,36.21958,139.1779
日立,36.59171,140.66247
常陸多賀,36.55141,140.6317
小木津,36.63551,140.67565
石岡,36.19266,140.27898
南中郷,36.75221,140.72861
大甕,36.51185,140.6189
岩間,36.29638,140.27687
赤塚,36.38201,140.41699
磯原,36.79035,140.74548
羽鳥,36.24855,140.28651
十王,36.67053,140.68525
偕楽園,36.37295,140.45772
佐和,36.43133,140.54086
内原,36.37056,140.35383
大津港,36.84681,140.77809
勝田,36.3931,140.52402
高萩,36.71319,140.71683
東海,36.46617,140.5669
友部,36.35106,140.30745
南柏,35.84517,139.95519
龍ケ崎市,35.93123,140.13828
柏,35.86104,139.97011
藤代,35.92097,140.12004
北柏,35.87562,139.98868
新松戸,35.82442,139.92081
神立,36.11962,140.24762
北小金,35.83368,139.93183
天王台,35.87248,140.04213
ひたち野うしく,36.00617,140.1578
土浦,36.07994,140.20693
荒川沖,36.03168,140.1668
牛久,35.97366,140.14088
北松戸,35.7997,139.911
三河島,35.73354,139.77598
亀有,35.76697,139.8486
金町,35.76961,139.87152
下野宮,36.81572,140.37467
常陸青柳,36.38422,140.48442
下小川,36.66943,140.38718
下菅谷,36.4349,140.49422
玉川村,36.57871,140.37438
後台,36.42375,140.48996
常陸津田,36.40449,140.48294
瓜連,36.49785,140.45004
上小川,36.71889,140.37967
上菅谷,36.45531,140.49242
河合,36.50856,140.51734
常陸太田,36.53171,140.52741
中菅谷,36.4454,140.49271
山方宿,36.62513,140.40091
静,36.50576,140.43864
常陸大宮,36.54637,140.41311
谷河原,36.52006,140.52526
西金,36.69487,140.3871
野上原,36.60579,140.39061
常陸鴻巣,36.47196,140.46784
南酒出,36.47733,140.49855
中舟生,36.64586,140.39239
袋田,36.75406,140.37968
常陸大子,36.77015,140.35123
新治,36.32829,140.0399
小田林,36.30085,139.8532
稲田,36.36933,140.21586
結城,36.29793,139.87416
福原,36.35184,140.18817
羽黒,36.35518,140.14395
宍戸,36.34445,140.28929
玉戸,36.29867,139.93934
岩瀬,36.35927,140.10987
東結城,36.29662,139.89194
川島,36.29591,139.91744
笠間,36.37285,140.2472
松岸,35.73905,140.79597
佐倉,35.70959,140.22555
小見川,35.84969,140.60544
下総神崎,35.89458,140.40971
滑河,35.87646,140.34728
酒々井,35.73119,140.27495
下総松崎,35.80717,140.27849
久住,35.83249,140.33967
安食,35.83526,140.24343
佐原,35.89573,140.49261
布佐,35.84839,140.13339
笹川,35.83993,140.65527
東我孫子,35.86907,140.04873
下総豊里,35.79245,140.72145
湖北,35.86703,140.07914
水郷,35.88491,140.57076
大戸,35.88944,140.45673
下総橘,35.81822,140.70236
成田,35.77553,140.31278
木下,35.83898,140.1493
椎柴,35.76481,140.75978
立川,35.69803,139.41516
鳩ノ巣,35.81528,139.12931
西立川,35.70324,139.3944
古里,35.81635,139.15172
小作,35.77577,139.30263
軍畑,35.80778,139.20798
白丸,35.81147,139.11458
奥多摩,35.80968,139.09674
沢井,35.80583,139.19389
川井,35.81374,139.16468
東青梅,35.78951,139.27344
青梅,35.7905,139.25884
河辺,35.78439,139.28494
御嶽,35.80145,139.18328
日向和田,35.78833,139.22975
牛浜,35.73502,139.33329
中神,35.70867,139.37679
福生,35.7435,139.32699
東中神,35.70612,139.3851
二俣尾,35.80369,139.21645
昭島,35.7136,139.36035
宮ノ平,35.78782,139.23776
石神前,35.79652,139.22537
羽村,35.75734,139.31672
赤羽,35.77687,139.7214
板橋,35.74418,139.71865
日進,35.93128,139.60532
指扇,35.91719,139.56559
南古谷,35.90327,139.52007
川越,35.90724,139.48268
笠幡,35.90739,139.40566
西川越,35.91921,139.45925
武蔵高萩,35.90158,139.37028
的場,35.91732,139.43479
高麗川,35.89586,139.33842
上溝,35.55737,139.36332
南橋本,35.57982,139.35238
原当麻,35.52925,139.37509
下溝,35.51876,139.38031
相武台下,35.49329,139.38622
香川,35.35621,139.39991
門沢橋,35.40643,139.38022
社家,35.42074,139.37716
倉見,35.39466,139.37823
茅ヶ崎,35.33035,139.40606
北茅ヶ崎,35.3392,139.40773
宮山,35.38189,139.3797
寒川,35.3674,139.38773
稲毛,35.63606,140.09345
西千葉,35.6219,140.10398
物井,35.68626,140.20076
成東,35.60855,140.41218
飯岡,35.72969,140.6846
横芝,35.66233,140.49187
新検見川,35.65167,140.07449
八日市場,35.69974,140.55323
榎戸,35.68471,140.28755
津田沼,35.69222,140.01922
日向,35.62797,140.36312
飯倉,35.68561,140.52241
幕張本郷,35.67199,140.04316
猿田,35.74748,140.73832
東千葉,35.6177,140.1233
四街道,35.66323,140.16599
南酒々井,35.70454,140.26689
下総中山,35.71391,139.94395
幕張,35.65896,140.05849
八街,35.66272,140.31834
干潟,35.71813,140.60239
船橋,35.70158,139.98629
倉橋,35.73807,140.71458
東船橋,35.69996,140.00277
新小岩,35.71587,139.85625
亀戸,35.69729,139.82534
市川,35.72835,139.90948
小岩,35.73384,139.88259
馬喰町,35.69271,139.78158
新日本橋,35.68873,139.7733
西荻窪,35.70373,139.59833
阿佐ヶ谷,35.70491,139.63722
高円寺,35.70536,139.65078
信濃町,35.67987,139.72241
千駄ヶ谷,35.68101,139.71279
西国分寺,35.69978,139.4671
東小金井,35.70152,139.52247
武蔵小金井,35.70097,139.50481
藤野,35.61607,139.15063
西八王子,35.65681,139.31299
国立,35.69923,139.44773
豊田,35.65882,139.38049
相模湖,35.61761,139.18743
三鷹,35.70268,139.55959
鶴見,35.50822,139.67583
鶴見小野,35.49733,139.68097
浜川崎,35.50954,139.71309
安善,35.4997,139.70088
弁天橋,35.49592,139.69003
大川,35.49514,139.71157
新芝浦,35.4915,139.7004
昭和,35.5072,139.72381
浅野,35.49771,139.69598
国道,35.50057,139.67597
武蔵白石,35.50181,139.70619
海芝浦,35.48597,139.70029
大森,35.58823,139.7277
浜松町,35.65614,139.75728
西大井,35.60085,139.72124
川崎,35.532,139.69758
新川崎,35.55309,139.67088
新子安,35.48629,139.65298
保土ヶ谷,35.44598,139.59907
平塚,35.32798,139.35082
大磯,35.31237,139.31471
早川,35.24005,139.14558
辻堂,35.33674,139.44401
東戸塚,35.42876,139.55652
二宮,35.29917,139.258
根府川,35.20386,139.13947
鴨宮,35.27543,139.17833
湯河原,35.1469,139.10386
真鶴,35.15599,139.13102
求名,35.57938,140.39564
福俵,35.54662,140.34239
東金,35.55965,140.36272
古河,36.19556,139.70936
尾久,35.74732,139.75265
御徒町,35.70632,139.77457
鶯谷,35.72206,139.77741
上中里,35.74773,139.74475
浦和,35.85777,139.65763
栗橋,36.13721,139.69431
南浦和,35.84922,139.6676
北戸田,35.82621,139.66231
新白岡,36.03683,139.67168
北与野,35.89148,139.629
与野本町,35.88177,139.62568
さいたま新都心,35.89241,139.63472
蓮田,35.98241,139.65367
東鷲宮,36.09068,139.67961
与野,35.88361,139.63934
久喜,36.06452,139.6767
白岡,36.01633,139.6668
東大宮,35.94976,139.6407
西川口,35.8149,139.70497
北浦和,35.8715,139.64652
武蔵浦和,35.84614,139.64624
東十条,35.76284,139.72748
川口,35.80093,139.71793
戸田公園,35.80712,139.67912
南与野,35.86819,139.63074
浮間舟渡,35.79103,139.69251
北赤羽,35.78648,139.70667
蕨,35.82721,139.69116
土呂,35.93316,139.63285
中浦和,35.85455,139.63671
岩井,35.09214,139.85
巌根,35.41399,139.93322
太海,35.08233,140.096
千歳,34.99043,139.96595
上総湊,35.22095,139.87075
大貫,35.29076,139.85587
袖ヶ浦,35.43228,139.95826
佐貫町,35.25905,139.87648
江見,35.0626,140.06221
南三原,35.02162,139.98003
館山,34.995,139.86195
浜野,35.55114,140.1318
千倉,34.97671,139.95321
八幡宿,35.53545,140.11924
那古船形,35.03,139.85077
九重,34.9977,139.91023
青堀,35.33105,139.85967
竹岡,35.1981,139.83091
浜金谷,35.16766,139.82331
姉ヶ崎,35.47779,140.04024
和田浦,35.04211,140.01986
安房勝山,35.11322,139.83374
長浦,35.4508,139.99642
富浦,35.04716,139.8375
君津,35.33324,139.89699
津田山,35.60328,139.60136
宿河原,35.61515,139.58022
武蔵新城,35.58688,139.63035
久地,35.60967,139.59383
武蔵溝ノ口,35.59818,139.6122
尻手,35.53158,139.68401
平間,35.56098,139.67094
矢向,35.53996,139.68017
川崎新町,35.51859,139.69886
向河原,35.57271,139.66714
鹿島田,35.55183,139.67481
武蔵中原,35.58094,139.64144
矢川,35.68499,139.4322
稲田堤,35.63322,139.53675
矢野口,35.6414,139.52103
中野島,35.62989,139.5517
西国立,35.69331,139.42405
府中本町,35.66638,139.47698
稲城長沼,35.64394,139.50338
谷保,35.68111,139.44752
南多摩,35.64918,139.4891
丹荘,36.21599,139.10329
松久,36.17273,139.18251
児玉,36.19222,139.13626
折原,36.09589,139.19556
金子,35.81033,139.32885
小宮,35.68546,139.36883
箱根ヶ崎,35.77112,139.34672
毛呂,35.9402,139.30957
竹沢,36.07567,139.22938
北八王子,35.66959,139.36361
明覚,36.00327,139.28895
越生,35.96224,139.29942
用土,36.15354,139.20082
東福生,35.74537,139.33584
東松戸,35.76977,139.9441
船橋法典,35.72977,139.9671
市川大野,35.7548,139.95176
新八柱,35.79077,139.93867
吉川,35.87672,139.8425
南越谷,35.87604,139.79048
新三郷,35.85894,139.86894
北朝霞,35.81504,139.58656
東浦和,35.86422,139.70496
西浦和,35.84452,139.62831
北府中,35.68023,139.47201
新秋津,35.77809,139.49358
東所沢,35.79451,139.51368
新小平,35.73145,139.47071
新座,35.80368,139.55546
大袋,35.92382,139.77816
一ノ割,35.96413,139.76626
堀切,35.74308,139.81761
鐘ヶ淵,35.73337,139.82002
姫宮,36.00391,139.73891
せんげん台,35.93519,139.77482
西新井,35.7767,139.79096
谷塚,35.8141,139.80107
竹ノ塚,35.79363,139.79046
小菅,35.75814,139.8122
北越谷,35.90244,139.77972
春日部,35.97971,139.75367
曳舟,35.71726,139.81658
新越谷,35.87491,139.78996
草加,35.82762,139.80339
北春日部,35.99069,139.74405
蒲生,35.86751,139.79163
東向島,35.72388,139.81926
とうきょうスカイツリー,35.71027,139.80863
五反野,35.76534,139.81062
武里,35.94825,139.77095
越谷,35.8883,139.78587
獨協大学前,35.84398,139.80035
梅島,35.77143,139.79975
和戸,36.03927,139.70162
加須,36.12266,139.59621
東武動物公園,36.02424,139.72777
花崎,36.10964,139.63449
鷲宮,36.09585,139.65739
南羽生,36.14999,139.55643
西大家,35.93191,139.35702
坂戸,35.95708,139.3946
武州唐沢,35.95186,139.30963
東毛呂,35.94682,139.31575
川角,35.93751,139.347
武州長瀬,35.94187,139.32671
東あずま,35.70706,139.83177
小村井,35.7102,139.82795
亀戸水神,35.6996,139.83325
大師前,35.77904,139.78205
北池袋,35.74104,139.71676
成増,35.77702,139.63376
上板橋,35.7633,139.67692
下赤塚,35.7703,139.64537
中板橋,35.75587,139.69521
ときわ台,35.75865,139.68964
朝霞台,35.81479,139.58664
朝霞,35.79757,139.60006
下板橋,35.74551,139.71495
東武練馬,35.76855,139.66343
森林公園,36.04496,139.37636
川越市,35.91488,139.47642
柳瀬川,35.83102,139.56176
鶴瀬,35.84489,139.54057
若葉,35.94945,139.40803
東武竹沢,36.07594,139.23764
北坂戸,35.97264,139.39739
東松山,36.03392,139.40187
鶴ヶ島,35.93609,139.42502
高坂,36.00191,139.398
みずほ台,35.83754,139.5518
志木,35.82263,139.57459
武蔵嵐山,36.04403,139.32853
鉢形,36.11381,139.20929
玉淀,36.1167,139.20057
男衾,36.10728,139.23421
ふじみ野,35.85991,139.52382
上福岡,35.87321,139.51245
新河岸,35.89056,139.49768
つきのわ,36.04338,139.34516
新古河,36.19227,139.68746
柳生,36.20628,139.66045
幸手,36.07322,139.71482
南栗橋,36.11249,139.71357
杉戸高野台,36.05041,139.71481
馬込沢,35.74132,139.99218
増尾,35.82956,139.9766
鎌ヶ谷,35.76412,139.99738
逆井,35.82291,139.98412
六実,35.79421,139.99924
高柳,35.80864,139.99898
塚田,35.72168,139.98251
新船橋,35.71098,139.97973
新柏,35.83758,139.96763
豊四季,35.86629,139.93988
七光台,35.97034,139.85326
梅郷,35.93113,139.89154
運河,35.91379,139.90615
川間,35.97921,139.83548
南桜井,35.98068,139.80921
藤の牛島,35.98037,139.77856
清水公園,35.95823,139.86065
八木崎,35.97887,139.74273
初石,35.88329,139.91824
野田市,35.94319,139.87152
江戸川台,35.8968,139.91077
七里,35.93688,139.66657
北大宮,35.91739,139.6245
岩槻,35.95066,139.69366
東岩槻,35.96351,139.71291
豊春,35.96827,139.72671
大宮公園,35.92404,139.63376
飯山満,35.71445,140.02334
東海神,35.70647,139.98169
東葉勝田台,35.71561,140.1262
船橋日大前,35.72701,140.05931
八千代中央,35.72764,140.10442
八千代緑が丘,35.72902,140.07426
公園上,35.24925,139.04365
強羅,35.25087,139.04826
公園下,35.25019,139.04639
中強羅,35.24821,139.04067
早雲山,35.24661,139.03622
上強羅,35.24727,139.0381
宮ノ下,35.24223,139.06274
箱根湯本,35.23374,139.10429
大平台,35.23889,139.07421
彫刻の森,35.24679,139.05039
塔ノ沢,35.2344,139.0943
入生田,35.24097,139.1214
小涌谷,35.24049,139.05281
箱根板橋,35.24525,139.14479
風祭,35.24617,139.12876
東京ディズニーシー･ステーション,35.62755,139.88909
リゾートゲートウェイ･ステーション,35.63531,139.88433
東京ディズニーランド･ステーション,35.6357,139.87802
ベイサイド･ステーション,35.62799,139.87584
白井,35.78472,140.05288
秋山,35.76554,139.93222
小室,35.78694,140.07517
印旛日本医大,35.787721,140.203038
印西牧の原,35.80348,140.16778
千葉ニュータウン中央,35.79994,140.11538
松飛台,35.77538,139.95844
西白井,35.78442,140.0309
北国分,35.76302,139.91513
新柴又,35.75173,139.88053
矢切,35.75775,139.90138
北参道,35.67947,139.70473
西早稲田,35.70892,139.70933
雑司が谷,35.72139,139.71558
日吉本町,35.549617,139.632789
東山田,35.55425,139.60565
川和町,35.52817,139.54869
見沼代親水公園,35.81442,139.77068
舎人,35.8055,139.77014
舎人公園,35.79621,139.77012
西新井大師西,35.78083,139.77014
足立小台,35.75438,139.77017
谷在家,35.78843,139.7701
扇大橋,35.76375,139.77086
赤土小学校前,35.74275,139.7691
西大宮,35.9218,139.57845
西府,35.67078,139.45762
城見ヶ丘,35.29169,140.25204
越谷レイクタウン,35.87607,139.82125
都筑ふれあいの丘,35.536346,139.560705
工機前,36.388382,140.524398
金上,36.38282,140.533256
中根,36.367634,140.561771
那珂湊,36.346043,140.587119
殿山,36.349275,140.600669
平磯,36.357247,140.607417
磯崎,36.377452,140.617926
阿字ヶ浦,36.383119,140.612262
成田湯川,35.799577,140.292302
羽田空港第3ターミナル,35.545124,139.76606
ゆめみ野,35.920707,140.03557
吉川美南,35.868607,139.857455
高田の鉄橋,36.35273659,140.5799429
小田栄,35.51486348,139.7044178
ソシオ流通センター,36.13650274,139.4241308
ふかや花園,36.13056223,139.2480243
虎ノ門ヒルズ,35.66785,139.748
羽沢横浜国大,35.48055395,139.5852239
高輪ゲートウェイ,35.63442991,139.740237
みなみ寄居,36.09097625,139.2364369
美乃浜学園,36.37176809,140.6168436
新綱島,35.53528644,139.6357987
幕張豊砂,35.65877323,140.0261703